geo_rastergismanager1ctr_10k	http://geo.umbriaterritorio.it/ArcGIS/rest/services/CTR_10K/MapServer/0
rappresentazione_per_tipologie_di_intervento	http://geo.umbriaterritorio.it/ArcGIS/rest/services/Prova/Georef_Interventi/MapServer/0
grafico	http://geo.umbriaterritorio.it/ArcGIS/rest/services/Prova/Georef_Interventi/MapServer/1
ubicazione	http://geo.umbriaterritorio.it/ArcGIS/rest/services/Prova/Georef_Interventi/MapServer/2
interventi_georiferiti	http://geo.umbriaterritorio.it/ArcGIS/rest/services/Prova/Georef_Interventi/MapServer/3
vie_perugia	http://geo.umbriaterritorio.it/ArcGIS/rest/services/Prova/Georef_Interventi/MapServer/4
isoipse	http://geo.umbriaterritorio.it/ArcGIS/rest/services/Public/ALTIMETRIA/MapServer/0
isoipse7	http://geo.umbriaterritorio.it/ArcGIS/rest/services/Public/ALTIMETRIA_WGS84/MapServer/0
carta_topografica_100k_base_igm	http://geo.umbriaterritorio.it/ArcGIS/rest/services/Public/BASE_TOP_RU_100K/MapServer/0
beni_paesaggistici	http://geo.umbriaterritorio.it/ArcGIS/rest/services/Public/BENI_PAES_ART136_DLGS_42_2004/MapServer/0
lett_b_territori_contermini_ai_laghi	http://geo.umbriaterritorio.it/ArcGIS/rest/services/Public/BENI_PAES_ART142_DLGS_42_2004/MapServer/0
laghi	http://geo.umbriaterritorio.it/ArcGIS/rest/services/Public/BENI_PAES_ART142_DLGS_42_2004/MapServer/1
fasce_di_rispetto_dei_laghi	http://geo.umbriaterritorio.it/ArcGIS/rest/services/Public/BENI_PAES_ART142_DLGS_42_2004/MapServer/2
lett_c_fiumi_torrenti_e_corsi_d'_acqua_e_relative_fasce	http://geo.umbriaterritorio.it/ArcGIS/rest/services/Public/BENI_PAES_ART142_DLGS_42_2004/MapServer/3
sponde_dei_fiumi	http://geo.umbriaterritorio.it/ArcGIS/rest/services/Public/BENI_PAES_ART142_DLGS_42_2004/MapServer/4
fiumi	http://geo.umbriaterritorio.it/ArcGIS/rest/services/Public/BENI_PAES_ART142_DLGS_42_2004/MapServer/5
torrenti_e_corsi_d'acqua	http://geo.umbriaterritorio.it/ArcGIS/rest/services/Public/BENI_PAES_ART142_DLGS_42_2004/MapServer/6
fiumi_e_fasce_di_rispetto	http://geo.umbriaterritorio.it/ArcGIS/rest/services/Public/BENI_PAES_ART142_DLGS_42_2004/MapServer/7
torrenti_corsi_d'acqua_e_fasce_di_rispetto	http://geo.umbriaterritorio.it/ArcGIS/rest/services/Public/BENI_PAES_ART142_DLGS_42_2004/MapServer/8
lett_d_montagne_al_di_sopra_dei_1200_metri	http://geo.umbriaterritorio.it/ArcGIS/rest/services/Public/BENI_PAES_ART142_DLGS_42_2004/MapServer/9
montagne	http://geo.umbriaterritorio.it/ArcGIS/rest/services/Public/BENI_PAES_ART142_DLGS_42_2004/MapServer/10
lett_f_parchi_nazionali_e_regionali	http://geo.umbriaterritorio.it/ArcGIS/rest/services/Public/BENI_PAES_ART142_DLGS_42_2004/MapServer/11
parchi	http://geo.umbriaterritorio.it/ArcGIS/rest/services/Public/BENI_PAES_ART142_DLGS_42_2004/MapServer/12
territori_di_protezione_esterna_ai_parchi_aree_contigue	http://geo.umbriaterritorio.it/ArcGIS/rest/services/Public/BENI_PAES_ART142_DLGS_42_2004/MapServer/13
lett_g_territori_coperti_da_foreste_e_da_boschi	http://geo.umbriaterritorio.it/ArcGIS/rest/services/Public/BENI_PAES_ART142_DLGS_42_2004/MapServer/14
incendi_boschivi	http://geo.umbriaterritorio.it/ArcGIS/rest/services/Public/BENI_PAES_ART142_DLGS_42_2004/MapServer/15
foreste_e_boschi	http://geo.umbriaterritorio.it/ArcGIS/rest/services/Public/BENI_PAES_ART142_DLGS_42_2004/MapServer/16
lett_h_aree_assegnate_alle_università_agrarie_e_zone_gravate_da_usi_civici	http://geo.umbriaterritorio.it/ArcGIS/rest/services/Public/BENI_PAES_ART142_DLGS_42_2004/MapServer/17
zone_gravate_da_usi_civici	http://geo.umbriaterritorio.it/ArcGIS/rest/services/Public/BENI_PAES_ART142_DLGS_42_2004/MapServer/18
lett_i_zone_umide	http://geo.umbriaterritorio.it/ArcGIS/rest/services/Public/BENI_PAES_ART142_DLGS_42_2004/MapServer/19
palude_di_colfiorito	http://geo.umbriaterritorio.it/ArcGIS/rest/services/Public/BENI_PAES_ART142_DLGS_42_2004/MapServer/20
lett_m_zone_di_interesse_archeologico	http://geo.umbriaterritorio.it/ArcGIS/rest/services/Public/BENI_PAES_ART142_DLGS_42_2004/MapServer/21
bosco_carta_uso_del_suolo_1977	http://geo.umbriaterritorio.it/ArcGIS/rest/services/Public/BOSCO_USOSUOLO_1977_GB/MapServer/0
sottosistemi_pedologici	http://geo.umbriaterritorio.it/ArcGIS/rest/services/Public/CARTA_USO_SUOLI_2010_WGS84/MapServer/0
province_pedologiche	http://geo.umbriaterritorio.it/ArcGIS/rest/services/Public/CARTA_USO_SUOLI_2010_WGS84/MapServer/1
sistemi_pedologici	http://geo.umbriaterritorio.it/ArcGIS/rest/services/Public/CARTA_USO_SUOLI_2010_WGS84/MapServer/2
regioni_pedologiche_soil_regions	http://geo.umbriaterritorio.it/ArcGIS/rest/services/Public/CARTA_USO_SUOLI_2010_WGS84/MapServer/3
comuni	http://geo.umbriaterritorio.it/ArcGIS/rest/services/Public/CARTE_GEOLOGICHE/MapServer/0
carte_geologiche_scala_1:10000	http://geo.umbriaterritorio.it/ArcGIS/rest/services/Public/CARTE_GEOLOGICHE/MapServer/1
comuni38	http://geo.umbriaterritorio.it/ArcGIS/rest/services/Public/CARTE_GEOLOGICHE_WGS84/MapServer/0
carte_geologiche_scala_1:1000039	http://geo.umbriaterritorio.it/ArcGIS/rest/services/Public/CARTE_GEOLOGICHE_WGS84/MapServer/1
comuni39	http://geo.umbriaterritorio.it/ArcGIS/rest/services/Public/CARTE_GEOLOGICHE_WGS84_2/MapServer/0
carte_geologiche_scala_1:1000040	http://geo.umbriaterritorio.it/ArcGIS/rest/services/Public/CARTE_GEOLOGICHE_WGS84_2/MapServer/1
carte_di_pericolosità_sismica_locale_10k_regione_umbria	http://geo.umbriaterritorio.it/ArcGIS/rest/services/Public/CARTE_PERICOLOSITA_SISMICA_WGS84/MapServer/0
geo_rastergismanager1catasto_5k	http://geo.umbriaterritorio.it/ArcGIS/rest/services/Public/CATASTO_5K/MapServer/0
catasto_5k_wgs84	http://geo.umbriaterritorio.it/ArcGIS/rest/services/Public/CATASTO_5K_WGS84/MapServer/0
centri_e_nuclei_censimento_istat_2001	http://geo.umbriaterritorio.it/ArcGIS/rest/services/Public/CENTRI_NUCLEI_2001/MapServer/0
centri_e_nuclei_censimento_istat_200147	http://geo.umbriaterritorio.it/ArcGIS/rest/services/Public/CENTRI_NUCLEI_2001_1/MapServer/0
confini_comunali_istat_2001	http://geo.umbriaterritorio.it/ArcGIS/rest/services/Public/COMUNI2001/MapServer/0
limiti_amministrativi_umbria_10k	http://geo.umbriaterritorio.it/ArcGIS/rest/services/Public/COMUNI81/MapServer/0
limiti_amministrativi_umbria_10k50	http://geo.umbriaterritorio.it/ArcGIS/rest/services/Public/COMUNI81_WGS84/MapServer/0
comuni40	http://geo.umbriaterritorio.it/ArcGIS/rest/services/Public/COMUNI_CTR/MapServer/0
ctr_10k_wgs84	http://geo.umbriaterritorio.it/ArcGIS/rest/services/Public/CTR_10K_WGS84/MapServer/0
carta_tecnica_regionale_scala_1:1000_wgs84	http://geo.umbriaterritorio.it/ArcGIS/rest/services/Public/CTR_1K_WGS84/MapServer/0
carta_tecnica_regionale_scala_1:500_wgs84	http://geo.umbriaterritorio.it/ArcGIS/rest/services/Public/CTR_500_WGS84/MapServer/0
carta_tecnica_regionale_scala_1:5000	http://geo.umbriaterritorio.it/ArcGIS/rest/services/Public/CTR_5K/MapServer/0
carta_tecnica_regionale_scala_1:500056	http://geo.umbriaterritorio.it/ArcGIS/rest/services/Public/CTR_5K_WGS84/MapServer/0
numeri_civici	http://geo.umbriaterritorio.it/ArcGIS/rest/services/Public/ECOGRAFICO_CATASTALE1_GAUSS_BOAGA/MapServer/0
tratti_stradali	http://geo.umbriaterritorio.it/ArcGIS/rest/services/Public/ECOGRAFICO_CATASTALE1_GAUSS_BOAGA/MapServer/1
fabbricati	http://geo.umbriaterritorio.it/ArcGIS/rest/services/Public/ECOGRAFICO_CATASTALE1_GAUSS_BOAGA/MapServer/2
numeri_civici58	http://geo.umbriaterritorio.it/ArcGIS/rest/services/Public/ECOGRAFICO_CATASTALE1_WGS84/MapServer/0
tratti_stradali59	http://geo.umbriaterritorio.it/ArcGIS/rest/services/Public/ECOGRAFICO_CATASTALE1_WGS84/MapServer/1
fabbricati60	http://geo.umbriaterritorio.it/ArcGIS/rest/services/Public/ECOGRAFICO_CATASTALE1_WGS84/MapServer/2
carta_geobotanica_con_principali_classi_di_utilizzazione_del_suolo	http://geo.umbriaterritorio.it/ArcGIS/rest/services/Public/GEOB_50k_WGS84/MapServer/0
laghi12	http://geo.umbriaterritorio.it/ArcGIS/rest/services/Public/IDRO10K/MapServer/0
fiumi_torrenti_fossi	http://geo.umbriaterritorio.it/ArcGIS/rest/services/Public/IDRO10K/MapServer/1
ortofoto_1997_gauss_boaga	http://geo.umbriaterritorio.it/ArcGIS/rest/services/Public/ORTOFOTO_1997_GB/MapServer/0
ortofoto_1997_wgs84	http://geo.umbriaterritorio.it/ArcGIS/rest/services/Public/ORTOFOTO_1997_WGS84/MapServer/0
ortofoto_2000_gauss_boaga	http://geo.umbriaterritorio.it/ArcGIS/rest/services/Public/ORTOFOTO_2000_GB/MapServer/0
ortofoto_2000_wgs84	http://geo.umbriaterritorio.it/ArcGIS/rest/services/Public/ORTOFOTO_2000_WGS84/MapServer/0
ortofoto_2005_gauss_boaga	http://geo.umbriaterritorio.it/ArcGIS/rest/services/Public/ORTOFOTO_2005_GB/MapServer/0
ortofoto_2005_wgs84	http://geo.umbriaterritorio.it/ArcGIS/rest/services/Public/ORTOFOTO_2005_WGS84/MapServer/0
ortofoto_2008_gauss_boaga	http://geo.umbriaterritorio.it/ArcGIS/rest/services/Public/ORTOFOTO_2008_GB/MapServer/0
ortofoto_2008_wgs84	http://geo.umbriaterritorio.it/ArcGIS/rest/services/Public/ORTOFOTO_2008_WGS84/MapServer/0
ortofoto_2011_gauss_boaga	http://geo.umbriaterritorio.it/ArcGIS/rest/services/Public/ORTOFOTO_2011_GB/MapServer/0
ortofoto_2011_wgs84	http://geo.umbriaterritorio.it/ArcGIS/rest/services/Public/ORTOFOTO_2011_WGS84/MapServer/0
sezioni_di_censimento	http://geo.umbriaterritorio.it/ArcGIS/rest/services/Public/SEZIONI_2001/MapServer/0
confini_comunali	http://geo.umbriaterritorio.it/ArcGIS/rest/services/Public/SEZIONI_2001/MapServer/1
cantieri	http://geo.umbriaterritorio.it/ArcGIS/rest/services/Public/SINPOL/MapServer/0
poligoni_catastali	http://geo.umbriaterritorio.it/ArcGIS/rest/services/Public/SINPOL/MapServer/1
siti_industriali_dismessi_anno_2012	http://geo.umbriaterritorio.it/ArcGIS/rest/services/Public/SITI_DISMESSI_2011/MapServer/0
toponimi_umbria	http://geo.umbriaterritorio.it/ArcGIS/rest/services/Public/TOPONIMI_IGM_WGS84/MapServer/0
progetti_trama	http://geo.umbriaterritorio.it/ArcGIS/rest/services/Public/TRAMA/MapServer/0
ferrovie	http://geo.umbriaterritorio.it/ArcGIS/rest/services/Public/VIAB10K/MapServer/0
strade	http://geo.umbriaterritorio.it/ArcGIS/rest/services/Public/VIAB10K/MapServer/1
maschera_cartografica	http://geo.umbriaterritorio.it/ArcGIS/rest/services/Secured/BASE_AMM/MapServer/0
scala_10m	http://geo.umbriaterritorio.it/ArcGIS/rest/services/Secured/BASE_AMM/MapServer/1
reticolato_geografico_10_x_10_gradi_10m	http://geo.umbriaterritorio.it/ArcGIS/rest/services/Secured/BASE_AMM/MapServer/2
zone_utm_10m	http://geo.umbriaterritorio.it/ArcGIS/rest/services/Secured/BASE_AMM/MapServer/3
stati_10m	http://geo.umbriaterritorio.it/ArcGIS/rest/services/Secured/BASE_AMM/MapServer/4
città_10m	http://geo.umbriaterritorio.it/ArcGIS/rest/services/Secured/BASE_AMM/MapServer/5
european_highway_system_10m	http://geo.umbriaterritorio.it/ArcGIS/rest/services/Secured/BASE_AMM/MapServer/6
rotte_10m	http://geo.umbriaterritorio.it/ArcGIS/rest/services/Secured/BASE_AMM/MapServer/7
ferrovie_10m	http://geo.umbriaterritorio.it/ArcGIS/rest/services/Secured/BASE_AMM/MapServer/8
laghi_10m	http://geo.umbriaterritorio.it/ArcGIS/rest/services/Secured/BASE_AMM/MapServer/9
idrografia_10m	http://geo.umbriaterritorio.it/ArcGIS/rest/services/Secured/BASE_AMM/MapServer/10
scala_5m	http://geo.umbriaterritorio.it/ArcGIS/rest/services/Secured/BASE_AMM/MapServer/11
reticolato_geografico_10_x_10_gradi_5m	http://geo.umbriaterritorio.it/ArcGIS/rest/services/Secured/BASE_AMM/MapServer/12
zone_utm_5m	http://geo.umbriaterritorio.it/ArcGIS/rest/services/Secured/BASE_AMM/MapServer/13
stati_5m	http://geo.umbriaterritorio.it/ArcGIS/rest/services/Secured/BASE_AMM/MapServer/14
città_5m	http://geo.umbriaterritorio.it/ArcGIS/rest/services/Secured/BASE_AMM/MapServer/15
european_highway_system_5m	http://geo.umbriaterritorio.it/ArcGIS/rest/services/Secured/BASE_AMM/MapServer/16
rotte_5m	http://geo.umbriaterritorio.it/ArcGIS/rest/services/Secured/BASE_AMM/MapServer/17
ferrovie_5m	http://geo.umbriaterritorio.it/ArcGIS/rest/services/Secured/BASE_AMM/MapServer/18
laghi_5m	http://geo.umbriaterritorio.it/ArcGIS/rest/services/Secured/BASE_AMM/MapServer/19
idrografia_5m	http://geo.umbriaterritorio.it/ArcGIS/rest/services/Secured/BASE_AMM/MapServer/20
regioni_5m	http://geo.umbriaterritorio.it/ArcGIS/rest/services/Secured/BASE_AMM/MapServer/21
laghi_umbria_5m	http://geo.umbriaterritorio.it/ArcGIS/rest/services/Secured/BASE_AMM/MapServer/22
scala_25m	http://geo.umbriaterritorio.it/ArcGIS/rest/services/Secured/BASE_AMM/MapServer/23
reticolato_geografico_10_x_10_gradi_25m	http://geo.umbriaterritorio.it/ArcGIS/rest/services/Secured/BASE_AMM/MapServer/24
zone_utm_25m	http://geo.umbriaterritorio.it/ArcGIS/rest/services/Secured/BASE_AMM/MapServer/25
stati_25m	http://geo.umbriaterritorio.it/ArcGIS/rest/services/Secured/BASE_AMM/MapServer/26
città_25m	http://geo.umbriaterritorio.it/ArcGIS/rest/services/Secured/BASE_AMM/MapServer/27
european_highway_system_25m	http://geo.umbriaterritorio.it/ArcGIS/rest/services/Secured/BASE_AMM/MapServer/28
rotte_25m	http://geo.umbriaterritorio.it/ArcGIS/rest/services/Secured/BASE_AMM/MapServer/29
ferrovie_25m	http://geo.umbriaterritorio.it/ArcGIS/rest/services/Secured/BASE_AMM/MapServer/30
laghi_25m	http://geo.umbriaterritorio.it/ArcGIS/rest/services/Secured/BASE_AMM/MapServer/31
idrografia_25m	http://geo.umbriaterritorio.it/ArcGIS/rest/services/Secured/BASE_AMM/MapServer/32
regioni_25m	http://geo.umbriaterritorio.it/ArcGIS/rest/services/Secured/BASE_AMM/MapServer/33
strade_umbria_25m	http://geo.umbriaterritorio.it/ArcGIS/rest/services/Secured/BASE_AMM/MapServer/34
ferrovie_umbria_25m	http://geo.umbriaterritorio.it/ArcGIS/rest/services/Secured/BASE_AMM/MapServer/35
idrografia_umbria_25m	http://geo.umbriaterritorio.it/ArcGIS/rest/services/Secured/BASE_AMM/MapServer/36
laghi_umbria_25m	http://geo.umbriaterritorio.it/ArcGIS/rest/services/Secured/BASE_AMM/MapServer/37
province_umbria_25m	http://geo.umbriaterritorio.it/ArcGIS/rest/services/Secured/BASE_AMM/MapServer/38
scala_15m	http://geo.umbriaterritorio.it/ArcGIS/rest/services/Secured/BASE_AMM/MapServer/39
reticolato_geografico_10_x_10_gradi_15m	http://geo.umbriaterritorio.it/ArcGIS/rest/services/Secured/BASE_AMM/MapServer/40
zone_utm_15m	http://geo.umbriaterritorio.it/ArcGIS/rest/services/Secured/BASE_AMM/MapServer/41
stati_15m	http://geo.umbriaterritorio.it/ArcGIS/rest/services/Secured/BASE_AMM/MapServer/42
città_15m	http://geo.umbriaterritorio.it/ArcGIS/rest/services/Secured/BASE_AMM/MapServer/43
e45_d	http://geo.umbriaterritorio.it/ArcGIS/rest/services/Secured/BASE_AMM/MapServer/44
european_highway_system_1_5m_l	http://geo.umbriaterritorio.it/ArcGIS/rest/services/Secured/BASE_AMM/MapServer/45
rotte_15m	http://geo.umbriaterritorio.it/ArcGIS/rest/services/Secured/BASE_AMM/MapServer/46
ferrovie_15m	http://geo.umbriaterritorio.it/ArcGIS/rest/services/Secured/BASE_AMM/MapServer/47
laghi_15m	http://geo.umbriaterritorio.it/ArcGIS/rest/services/Secured/BASE_AMM/MapServer/48
idrografia_15m	http://geo.umbriaterritorio.it/ArcGIS/rest/services/Secured/BASE_AMM/MapServer/49
regioni_15m	http://geo.umbriaterritorio.it/ArcGIS/rest/services/Secured/BASE_AMM/MapServer/50
province_umbria_15m	http://geo.umbriaterritorio.it/ArcGIS/rest/services/Secured/BASE_AMM/MapServer/51
idrografia_umbria_15m	http://geo.umbriaterritorio.it/ArcGIS/rest/services/Secured/BASE_AMM/MapServer/52
ferrovie_umbria_15m	http://geo.umbriaterritorio.it/ArcGIS/rest/services/Secured/BASE_AMM/MapServer/53
strade_umbria_15m	http://geo.umbriaterritorio.it/ArcGIS/rest/services/Secured/BASE_AMM/MapServer/54
laghi_umbria_15m	http://geo.umbriaterritorio.it/ArcGIS/rest/services/Secured/BASE_AMM/MapServer/55
scala_550k	http://geo.umbriaterritorio.it/ArcGIS/rest/services/Secured/BASE_AMM/MapServer/56
stati_550k	http://geo.umbriaterritorio.it/ArcGIS/rest/services/Secured/BASE_AMM/MapServer/57
città_550k	http://geo.umbriaterritorio.it/ArcGIS/rest/services/Secured/BASE_AMM/MapServer/58
strade_550k	http://geo.umbriaterritorio.it/ArcGIS/rest/services/Secured/BASE_AMM/MapServer/59
european_highway_system	http://geo.umbriaterritorio.it/ArcGIS/rest/services/Secured/BASE_AMM/MapServer/60
major_roads	http://geo.umbriaterritorio.it/ArcGIS/rest/services/Secured/BASE_AMM/MapServer/61
rotte_550k	http://geo.umbriaterritorio.it/ArcGIS/rest/services/Secured/BASE_AMM/MapServer/62
ferrovie_550k	http://geo.umbriaterritorio.it/ArcGIS/rest/services/Secured/BASE_AMM/MapServer/63
laghi_550k	http://geo.umbriaterritorio.it/ArcGIS/rest/services/Secured/BASE_AMM/MapServer/64
idrografia_550k	http://geo.umbriaterritorio.it/ArcGIS/rest/services/Secured/BASE_AMM/MapServer/65
aree_urbane_550k	http://geo.umbriaterritorio.it/ArcGIS/rest/services/Secured/BASE_AMM/MapServer/66
ferrovie_umbria_550k	http://geo.umbriaterritorio.it/ArcGIS/rest/services/Secured/BASE_AMM/MapServer/67
strade_umbria_550k	http://geo.umbriaterritorio.it/ArcGIS/rest/services/Secured/BASE_AMM/MapServer/68
province_umbria_550k	http://geo.umbriaterritorio.it/ArcGIS/rest/services/Secured/BASE_AMM/MapServer/69
comuni_umbria_550k	http://geo.umbriaterritorio.it/ArcGIS/rest/services/Secured/BASE_AMM/MapServer/70
regioni_550k	http://geo.umbriaterritorio.it/ArcGIS/rest/services/Secured/BASE_AMM/MapServer/71
laghi_umbria_550k	http://geo.umbriaterritorio.it/ArcGIS/rest/services/Secured/BASE_AMM/MapServer/72
idrografia_umbria_550k	http://geo.umbriaterritorio.it/ArcGIS/rest/services/Secured/BASE_AMM/MapServer/73
aree_urbanizzate_umbria_clc_550k	http://geo.umbriaterritorio.it/ArcGIS/rest/services/Secured/BASE_AMM/MapServer/74
aree_boscate_umbria_clc_550k	http://geo.umbriaterritorio.it/ArcGIS/rest/services/Secured/BASE_AMM/MapServer/75
scala_250k	http://geo.umbriaterritorio.it/ArcGIS/rest/services/Secured/BASE_AMM/MapServer/76
stati_250k	http://geo.umbriaterritorio.it/ArcGIS/rest/services/Secured/BASE_AMM/MapServer/77
città_250k	http://geo.umbriaterritorio.it/ArcGIS/rest/services/Secured/BASE_AMM/MapServer/78
european_highway_system_250k	http://geo.umbriaterritorio.it/ArcGIS/rest/services/Secured/BASE_AMM/MapServer/79
major_roads_250k	http://geo.umbriaterritorio.it/ArcGIS/rest/services/Secured/BASE_AMM/MapServer/80
rotte_250k	http://geo.umbriaterritorio.it/ArcGIS/rest/services/Secured/BASE_AMM/MapServer/81
ferrovie_250k	http://geo.umbriaterritorio.it/ArcGIS/rest/services/Secured/BASE_AMM/MapServer/82
laghi_250k	http://geo.umbriaterritorio.it/ArcGIS/rest/services/Secured/BASE_AMM/MapServer/83
idrografia_250k	http://geo.umbriaterritorio.it/ArcGIS/rest/services/Secured/BASE_AMM/MapServer/84
aree_urbane_250k	http://geo.umbriaterritorio.it/ArcGIS/rest/services/Secured/BASE_AMM/MapServer/85
capoluoghi_comuni_umbria_250k	http://geo.umbriaterritorio.it/ArcGIS/rest/services/Secured/BASE_AMM/MapServer/86
ferrovie_umbria_250k	http://geo.umbriaterritorio.it/ArcGIS/rest/services/Secured/BASE_AMM/MapServer/87
strade_umbria_250k	http://geo.umbriaterritorio.it/ArcGIS/rest/services/Secured/BASE_AMM/MapServer/88
province_umbria_250k	http://geo.umbriaterritorio.it/ArcGIS/rest/services/Secured/BASE_AMM/MapServer/89
comuni_umbria_250k	http://geo.umbriaterritorio.it/ArcGIS/rest/services/Secured/BASE_AMM/MapServer/90
regioni_250k	http://geo.umbriaterritorio.it/ArcGIS/rest/services/Secured/BASE_AMM/MapServer/91
laghi_umbria_250k	http://geo.umbriaterritorio.it/ArcGIS/rest/services/Secured/BASE_AMM/MapServer/92
idrografia_umbria_250k	http://geo.umbriaterritorio.it/ArcGIS/rest/services/Secured/BASE_AMM/MapServer/93
aree_boscate_umbria_250k	http://geo.umbriaterritorio.it/ArcGIS/rest/services/Secured/BASE_AMM/MapServer/94
aree_urbanizzate_umbria_250k	http://geo.umbriaterritorio.it/ArcGIS/rest/services/Secured/BASE_AMM/MapServer/95
scala_150k	http://geo.umbriaterritorio.it/ArcGIS/rest/services/Secured/BASE_AMM/MapServer/96
stati_150k	http://geo.umbriaterritorio.it/ArcGIS/rest/services/Secured/BASE_AMM/MapServer/97
città_150k	http://geo.umbriaterritorio.it/ArcGIS/rest/services/Secured/BASE_AMM/MapServer/98
european_highway_system_150k	http://geo.umbriaterritorio.it/ArcGIS/rest/services/Secured/BASE_AMM/MapServer/99
major_roads_150k	http://geo.umbriaterritorio.it/ArcGIS/rest/services/Secured/BASE_AMM/MapServer/100
rotte_150k	http://geo.umbriaterritorio.it/ArcGIS/rest/services/Secured/BASE_AMM/MapServer/101
ferrovie_150k	http://geo.umbriaterritorio.it/ArcGIS/rest/services/Secured/BASE_AMM/MapServer/102
laghi_150k	http://geo.umbriaterritorio.it/ArcGIS/rest/services/Secured/BASE_AMM/MapServer/103
idrografia_150k	http://geo.umbriaterritorio.it/ArcGIS/rest/services/Secured/BASE_AMM/MapServer/104
aree_urbane_150k	http://geo.umbriaterritorio.it/ArcGIS/rest/services/Secured/BASE_AMM/MapServer/105
capoluoghi_comuni_umbria_150k	http://geo.umbriaterritorio.it/ArcGIS/rest/services/Secured/BASE_AMM/MapServer/106
ferrovie_umbria_150k	http://geo.umbriaterritorio.it/ArcGIS/rest/services/Secured/BASE_AMM/MapServer/107
strade_umbria_150k	http://geo.umbriaterritorio.it/ArcGIS/rest/services/Secured/BASE_AMM/MapServer/108
province_umbria_150k	http://geo.umbriaterritorio.it/ArcGIS/rest/services/Secured/BASE_AMM/MapServer/109
comuni_umbria_150k	http://geo.umbriaterritorio.it/ArcGIS/rest/services/Secured/BASE_AMM/MapServer/110
regioni_150k	http://geo.umbriaterritorio.it/ArcGIS/rest/services/Secured/BASE_AMM/MapServer/111
laghi_umbria_150k	http://geo.umbriaterritorio.it/ArcGIS/rest/services/Secured/BASE_AMM/MapServer/112
idrografia_umbria_150k	http://geo.umbriaterritorio.it/ArcGIS/rest/services/Secured/BASE_AMM/MapServer/113
aree_boscate_umbria_150k	http://geo.umbriaterritorio.it/ArcGIS/rest/services/Secured/BASE_AMM/MapServer/114
aree_urbanizzate_umbria_150k	http://geo.umbriaterritorio.it/ArcGIS/rest/services/Secured/BASE_AMM/MapServer/115
scala_50k	http://geo.umbriaterritorio.it/ArcGIS/rest/services/Secured/BASE_AMM/MapServer/116
stati_50k	http://geo.umbriaterritorio.it/ArcGIS/rest/services/Secured/BASE_AMM/MapServer/117
città_50k	http://geo.umbriaterritorio.it/ArcGIS/rest/services/Secured/BASE_AMM/MapServer/118
european_highway_system_50k	http://geo.umbriaterritorio.it/ArcGIS/rest/services/Secured/BASE_AMM/MapServer/119
major_roads_50k	http://geo.umbriaterritorio.it/ArcGIS/rest/services/Secured/BASE_AMM/MapServer/120
rotte_50k	http://geo.umbriaterritorio.it/ArcGIS/rest/services/Secured/BASE_AMM/MapServer/121
ferrovie_50k	http://geo.umbriaterritorio.it/ArcGIS/rest/services/Secured/BASE_AMM/MapServer/122
laghi_50k	http://geo.umbriaterritorio.it/ArcGIS/rest/services/Secured/BASE_AMM/MapServer/123
idrografia_50k	http://geo.umbriaterritorio.it/ArcGIS/rest/services/Secured/BASE_AMM/MapServer/124
aree_urbane_50k	http://geo.umbriaterritorio.it/ArcGIS/rest/services/Secured/BASE_AMM/MapServer/125
ferrovie_umbria_50k	http://geo.umbriaterritorio.it/ArcGIS/rest/services/Secured/BASE_AMM/MapServer/126
strade_umbria_50k	http://geo.umbriaterritorio.it/ArcGIS/rest/services/Secured/BASE_AMM/MapServer/127
province_umbria_50k	http://geo.umbriaterritorio.it/ArcGIS/rest/services/Secured/BASE_AMM/MapServer/128
comuni_umbria_50k	http://geo.umbriaterritorio.it/ArcGIS/rest/services/Secured/BASE_AMM/MapServer/129
regioni_50k	http://geo.umbriaterritorio.it/ArcGIS/rest/services/Secured/BASE_AMM/MapServer/130
laghi_umbria_50k	http://geo.umbriaterritorio.it/ArcGIS/rest/services/Secured/BASE_AMM/MapServer/131
idrografia_umbria_50k	http://geo.umbriaterritorio.it/ArcGIS/rest/services/Secured/BASE_AMM/MapServer/132
centri_e_nuclei_umbria_50k	http://geo.umbriaterritorio.it/ArcGIS/rest/services/Secured/BASE_AMM/MapServer/133
aree_urbanizzate_umbria_50k	http://geo.umbriaterritorio.it/ArcGIS/rest/services/Secured/BASE_AMM/MapServer/134
aree_boscate_umbria_50k	http://geo.umbriaterritorio.it/ArcGIS/rest/services/Secured/BASE_AMM/MapServer/135
scala_25k	http://geo.umbriaterritorio.it/ArcGIS/rest/services/Secured/BASE_AMM/MapServer/136
città_25k	http://geo.umbriaterritorio.it/ArcGIS/rest/services/Secured/BASE_AMM/MapServer/137
european_highway_system_25k	http://geo.umbriaterritorio.it/ArcGIS/rest/services/Secured/BASE_AMM/MapServer/138
major_roads_25k	http://geo.umbriaterritorio.it/ArcGIS/rest/services/Secured/BASE_AMM/MapServer/139
ferrovie_25k	http://geo.umbriaterritorio.it/ArcGIS/rest/services/Secured/BASE_AMM/MapServer/140
laghi_25k	http://geo.umbriaterritorio.it/ArcGIS/rest/services/Secured/BASE_AMM/MapServer/141
idrografia_25k	http://geo.umbriaterritorio.it/ArcGIS/rest/services/Secured/BASE_AMM/MapServer/142
aree_urbane_25k	http://geo.umbriaterritorio.it/ArcGIS/rest/services/Secured/BASE_AMM/MapServer/143
ferrovie_umbria_25k	http://geo.umbriaterritorio.it/ArcGIS/rest/services/Secured/BASE_AMM/MapServer/144
strade_umbria_25k	http://geo.umbriaterritorio.it/ArcGIS/rest/services/Secured/BASE_AMM/MapServer/145
strade_ecografico	http://geo.umbriaterritorio.it/ArcGIS/rest/services/Secured/BASE_AMM/MapServer/146
province_umbria_25k	http://geo.umbriaterritorio.it/ArcGIS/rest/services/Secured/BASE_AMM/MapServer/147
comuni_umbria_25k	http://geo.umbriaterritorio.it/ArcGIS/rest/services/Secured/BASE_AMM/MapServer/148
regioni_25k	http://geo.umbriaterritorio.it/ArcGIS/rest/services/Secured/BASE_AMM/MapServer/149
laghi_umbria_25k	http://geo.umbriaterritorio.it/ArcGIS/rest/services/Secured/BASE_AMM/MapServer/150
idrografia_umbria_25k	http://geo.umbriaterritorio.it/ArcGIS/rest/services/Secured/BASE_AMM/MapServer/151
aree_boscate_umbria_25k	http://geo.umbriaterritorio.it/ArcGIS/rest/services/Secured/BASE_AMM/MapServer/152
fabbricati_ecografico	http://geo.umbriaterritorio.it/ArcGIS/rest/services/Secured/BASE_AMM/MapServer/153
centri_e_nuclei_umbria_25k	http://geo.umbriaterritorio.it/ArcGIS/rest/services/Secured/BASE_AMM/MapServer/154
aree_urbanizzate_umbria_25k	http://geo.umbriaterritorio.it/ArcGIS/rest/services/Secured/BASE_AMM/MapServer/155
scala_10k	http://geo.umbriaterritorio.it/ArcGIS/rest/services/Secured/BASE_AMM/MapServer/156
città_10k	http://geo.umbriaterritorio.it/ArcGIS/rest/services/Secured/BASE_AMM/MapServer/157
european_highway_system_10k	http://geo.umbriaterritorio.it/ArcGIS/rest/services/Secured/BASE_AMM/MapServer/158
major_roads_10k	http://geo.umbriaterritorio.it/ArcGIS/rest/services/Secured/BASE_AMM/MapServer/159
ferrovie_10k	http://geo.umbriaterritorio.it/ArcGIS/rest/services/Secured/BASE_AMM/MapServer/160
laghi_10k	http://geo.umbriaterritorio.it/ArcGIS/rest/services/Secured/BASE_AMM/MapServer/161
idrografia_10k	http://geo.umbriaterritorio.it/ArcGIS/rest/services/Secured/BASE_AMM/MapServer/162
aree_urbane_10k	http://geo.umbriaterritorio.it/ArcGIS/rest/services/Secured/BASE_AMM/MapServer/163
ferrovie_umbria_10k	http://geo.umbriaterritorio.it/ArcGIS/rest/services/Secured/BASE_AMM/MapServer/164
strade_umbria_10k	http://geo.umbriaterritorio.it/ArcGIS/rest/services/Secured/BASE_AMM/MapServer/165
strade_ecografico232	http://geo.umbriaterritorio.it/ArcGIS/rest/services/Secured/BASE_AMM/MapServer/166
province_umbria_10k	http://geo.umbriaterritorio.it/ArcGIS/rest/services/Secured/BASE_AMM/MapServer/167
comuni_umbria_10k	http://geo.umbriaterritorio.it/ArcGIS/rest/services/Secured/BASE_AMM/MapServer/168
regioni_10k	http://geo.umbriaterritorio.it/ArcGIS/rest/services/Secured/BASE_AMM/MapServer/169
laghi_umbria_10k	http://geo.umbriaterritorio.it/ArcGIS/rest/services/Secured/BASE_AMM/MapServer/170
idrografia_umbria_10k	http://geo.umbriaterritorio.it/ArcGIS/rest/services/Secured/BASE_AMM/MapServer/171
aree_boscate_umbria_10k	http://geo.umbriaterritorio.it/ArcGIS/rest/services/Secured/BASE_AMM/MapServer/172
fabbricati_ecografico239	http://geo.umbriaterritorio.it/ArcGIS/rest/services/Secured/BASE_AMM/MapServer/173
centri_e_nuclei_umbria_10k	http://geo.umbriaterritorio.it/ArcGIS/rest/services/Secured/BASE_AMM/MapServer/174
aree_urbanizzate_umbria_10k	http://geo.umbriaterritorio.it/ArcGIS/rest/services/Secured/BASE_AMM/MapServer/175
scala_5k	http://geo.umbriaterritorio.it/ArcGIS/rest/services/Secured/BASE_AMM/MapServer/176
città_5k	http://geo.umbriaterritorio.it/ArcGIS/rest/services/Secured/BASE_AMM/MapServer/177
european_highway_system_5k	http://geo.umbriaterritorio.it/ArcGIS/rest/services/Secured/BASE_AMM/MapServer/178
major_roads_5k	http://geo.umbriaterritorio.it/ArcGIS/rest/services/Secured/BASE_AMM/MapServer/179
fabbricati_ecografico258	http://geo.umbriaterritorio.it/ArcGIS/rest/services/Secured/BASE_AMM/MapServer/180
laghi_5k	http://geo.umbriaterritorio.it/ArcGIS/rest/services/Secured/BASE_AMM/MapServer/181
idrografia_5k	http://geo.umbriaterritorio.it/ArcGIS/rest/services/Secured/BASE_AMM/MapServer/182
aree_urbane_5k	http://geo.umbriaterritorio.it/ArcGIS/rest/services/Secured/BASE_AMM/MapServer/183
ferrovie_umbria_5k	http://geo.umbriaterritorio.it/ArcGIS/rest/services/Secured/BASE_AMM/MapServer/184
strade_umbria_5k	http://geo.umbriaterritorio.it/ArcGIS/rest/services/Secured/BASE_AMM/MapServer/185
strade_ecografico251	http://geo.umbriaterritorio.it/ArcGIS/rest/services/Secured/BASE_AMM/MapServer/186
province_umbria_5k	http://geo.umbriaterritorio.it/ArcGIS/rest/services/Secured/BASE_AMM/MapServer/187
comuni_umbria_5k	http://geo.umbriaterritorio.it/ArcGIS/rest/services/Secured/BASE_AMM/MapServer/188
regioni_5k	http://geo.umbriaterritorio.it/ArcGIS/rest/services/Secured/BASE_AMM/MapServer/189
laghi_umbria_5k	http://geo.umbriaterritorio.it/ArcGIS/rest/services/Secured/BASE_AMM/MapServer/190
idrografia_umbria_5k	http://geo.umbriaterritorio.it/ArcGIS/rest/services/Secured/BASE_AMM/MapServer/191
aree_boscate_umbria_5k	http://geo.umbriaterritorio.it/ArcGIS/rest/services/Secured/BASE_AMM/MapServer/192
ferrovie_5k	http://geo.umbriaterritorio.it/ArcGIS/rest/services/Secured/BASE_AMM/MapServer/193
centri_e_nuclei_umbria_5k	http://geo.umbriaterritorio.it/ArcGIS/rest/services/Secured/BASE_AMM/MapServer/194
aree_urbanizzate_umbria_5k	http://geo.umbriaterritorio.it/ArcGIS/rest/services/Secured/BASE_AMM/MapServer/195
base_da_dem_umbria	http://geo.umbriaterritorio.it/ArcGIS/rest/services/Secured/BASE_AMM/MapServer/196
mare	http://geo.umbriaterritorio.it/ArcGIS/rest/services/Secured/BASE_AMM/MapServer/197
hillshade_da_srtm	http://geo.umbriaterritorio.it/ArcGIS/rest/services/Secured/BASE_AMM/MapServer/198
background	http://geo.umbriaterritorio.it/ArcGIS/rest/services/Secured/BASE_AMM/MapServer/199
maschera_cartografica86	http://geo.umbriaterritorio.it/ArcGIS/rest/services/Secured/BASE_SAT/MapServer/0
scala_10m87	http://geo.umbriaterritorio.it/ArcGIS/rest/services/Secured/BASE_SAT/MapServer/1
reticolato_geografico_10_x_10_gradi_10m88	http://geo.umbriaterritorio.it/ArcGIS/rest/services/Secured/BASE_SAT/MapServer/2
zone_utm_10m89	http://geo.umbriaterritorio.it/ArcGIS/rest/services/Secured/BASE_SAT/MapServer/3
stati_10m90	http://geo.umbriaterritorio.it/ArcGIS/rest/services/Secured/BASE_SAT/MapServer/4
città_10m91	http://geo.umbriaterritorio.it/ArcGIS/rest/services/Secured/BASE_SAT/MapServer/5
european_highway_system_10m92	http://geo.umbriaterritorio.it/ArcGIS/rest/services/Secured/BASE_SAT/MapServer/6
rotte_10m93	http://geo.umbriaterritorio.it/ArcGIS/rest/services/Secured/BASE_SAT/MapServer/7
ferrovie_10m94	http://geo.umbriaterritorio.it/ArcGIS/rest/services/Secured/BASE_SAT/MapServer/8
laghi_10m95	http://geo.umbriaterritorio.it/ArcGIS/rest/services/Secured/BASE_SAT/MapServer/9
idrografia_10m96	http://geo.umbriaterritorio.it/ArcGIS/rest/services/Secured/BASE_SAT/MapServer/10
europe_150m	http://geo.umbriaterritorio.it/ArcGIS/rest/services/Secured/BASE_SAT/MapServer/11
africa_150m	http://geo.umbriaterritorio.it/ArcGIS/rest/services/Secured/BASE_SAT/MapServer/12
scala_5m97	http://geo.umbriaterritorio.it/ArcGIS/rest/services/Secured/BASE_SAT/MapServer/13
reticolato_geografico_10_x_10_gradi_5m98	http://geo.umbriaterritorio.it/ArcGIS/rest/services/Secured/BASE_SAT/MapServer/14
zone_utm_5m99	http://geo.umbriaterritorio.it/ArcGIS/rest/services/Secured/BASE_SAT/MapServer/15
stati_5m100	http://geo.umbriaterritorio.it/ArcGIS/rest/services/Secured/BASE_SAT/MapServer/16
città_5m101	http://geo.umbriaterritorio.it/ArcGIS/rest/services/Secured/BASE_SAT/MapServer/17
european_highway_system_5m102	http://geo.umbriaterritorio.it/ArcGIS/rest/services/Secured/BASE_SAT/MapServer/18
rotte_5m103	http://geo.umbriaterritorio.it/ArcGIS/rest/services/Secured/BASE_SAT/MapServer/19
ferrovie_5m104	http://geo.umbriaterritorio.it/ArcGIS/rest/services/Secured/BASE_SAT/MapServer/20
laghi_5m105	http://geo.umbriaterritorio.it/ArcGIS/rest/services/Secured/BASE_SAT/MapServer/21
idrografia_5m106	http://geo.umbriaterritorio.it/ArcGIS/rest/services/Secured/BASE_SAT/MapServer/22
regioni_5m107	http://geo.umbriaterritorio.it/ArcGIS/rest/services/Secured/BASE_SAT/MapServer/23
laghi_umbria_5m108	http://geo.umbriaterritorio.it/ArcGIS/rest/services/Secured/BASE_SAT/MapServer/24
europe_150m297	http://geo.umbriaterritorio.it/ArcGIS/rest/services/Secured/BASE_SAT/MapServer/25
africa_150m298	http://geo.umbriaterritorio.it/ArcGIS/rest/services/Secured/BASE_SAT/MapServer/26
scala_25m109	http://geo.umbriaterritorio.it/ArcGIS/rest/services/Secured/BASE_SAT/MapServer/27
reticolato_geografico_10_x_10_gradi_25m110	http://geo.umbriaterritorio.it/ArcGIS/rest/services/Secured/BASE_SAT/MapServer/28
zone_utm_25m111	http://geo.umbriaterritorio.it/ArcGIS/rest/services/Secured/BASE_SAT/MapServer/29
stati_25m112	http://geo.umbriaterritorio.it/ArcGIS/rest/services/Secured/BASE_SAT/MapServer/30
città_25m113	http://geo.umbriaterritorio.it/ArcGIS/rest/services/Secured/BASE_SAT/MapServer/31
european_highway_system_25m114	http://geo.umbriaterritorio.it/ArcGIS/rest/services/Secured/BASE_SAT/MapServer/32
rotte_25m115	http://geo.umbriaterritorio.it/ArcGIS/rest/services/Secured/BASE_SAT/MapServer/33
ferrovie_25m116	http://geo.umbriaterritorio.it/ArcGIS/rest/services/Secured/BASE_SAT/MapServer/34
laghi_25m117	http://geo.umbriaterritorio.it/ArcGIS/rest/services/Secured/BASE_SAT/MapServer/35
idrografia_25m118	http://geo.umbriaterritorio.it/ArcGIS/rest/services/Secured/BASE_SAT/MapServer/36
regioni_25m119	http://geo.umbriaterritorio.it/ArcGIS/rest/services/Secured/BASE_SAT/MapServer/37
strade_umbria_25m120	http://geo.umbriaterritorio.it/ArcGIS/rest/services/Secured/BASE_SAT/MapServer/38
ferrovie_umbria_25m121	http://geo.umbriaterritorio.it/ArcGIS/rest/services/Secured/BASE_SAT/MapServer/39
idrografia_umbria_25m122	http://geo.umbriaterritorio.it/ArcGIS/rest/services/Secured/BASE_SAT/MapServer/40
laghi_umbria_25m123	http://geo.umbriaterritorio.it/ArcGIS/rest/services/Secured/BASE_SAT/MapServer/41
province_umbria_25m124	http://geo.umbriaterritorio.it/ArcGIS/rest/services/Secured/BASE_SAT/MapServer/42
europe_150m310	http://geo.umbriaterritorio.it/ArcGIS/rest/services/Secured/BASE_SAT/MapServer/43
africa_150m311	http://geo.umbriaterritorio.it/ArcGIS/rest/services/Secured/BASE_SAT/MapServer/44
scala_15m125	http://geo.umbriaterritorio.it/ArcGIS/rest/services/Secured/BASE_SAT/MapServer/45
reticolato_geografico_10_x_10_gradi_15m126	http://geo.umbriaterritorio.it/ArcGIS/rest/services/Secured/BASE_SAT/MapServer/46
zone_utm_15m127	http://geo.umbriaterritorio.it/ArcGIS/rest/services/Secured/BASE_SAT/MapServer/47
stati_15m128	http://geo.umbriaterritorio.it/ArcGIS/rest/services/Secured/BASE_SAT/MapServer/48
città_15m129	http://geo.umbriaterritorio.it/ArcGIS/rest/services/Secured/BASE_SAT/MapServer/49
e45_d130	http://geo.umbriaterritorio.it/ArcGIS/rest/services/Secured/BASE_SAT/MapServer/50
european_highway_system_1_5m_l131	http://geo.umbriaterritorio.it/ArcGIS/rest/services/Secured/BASE_SAT/MapServer/51
rotte_15m132	http://geo.umbriaterritorio.it/ArcGIS/rest/services/Secured/BASE_SAT/MapServer/52
ferrovie_15m133	http://geo.umbriaterritorio.it/ArcGIS/rest/services/Secured/BASE_SAT/MapServer/53
laghi_15m134	http://geo.umbriaterritorio.it/ArcGIS/rest/services/Secured/BASE_SAT/MapServer/54
idrografia_15m135	http://geo.umbriaterritorio.it/ArcGIS/rest/services/Secured/BASE_SAT/MapServer/55
regioni_15m136	http://geo.umbriaterritorio.it/ArcGIS/rest/services/Secured/BASE_SAT/MapServer/56
province_umbria_15m137	http://geo.umbriaterritorio.it/ArcGIS/rest/services/Secured/BASE_SAT/MapServer/57
idrografia_umbria_15m138	http://geo.umbriaterritorio.it/ArcGIS/rest/services/Secured/BASE_SAT/MapServer/58
ferrovie_umbria_15m139	http://geo.umbriaterritorio.it/ArcGIS/rest/services/Secured/BASE_SAT/MapServer/59
strade_umbria_15m140	http://geo.umbriaterritorio.it/ArcGIS/rest/services/Secured/BASE_SAT/MapServer/60
laghi_umbria_15m141	http://geo.umbriaterritorio.it/ArcGIS/rest/services/Secured/BASE_SAT/MapServer/61
europe_150m327	http://geo.umbriaterritorio.it/ArcGIS/rest/services/Secured/BASE_SAT/MapServer/62
africa_150m328	http://geo.umbriaterritorio.it/ArcGIS/rest/services/Secured/BASE_SAT/MapServer/63
scala_550k142	http://geo.umbriaterritorio.it/ArcGIS/rest/services/Secured/BASE_SAT/MapServer/64
stati_550k143	http://geo.umbriaterritorio.it/ArcGIS/rest/services/Secured/BASE_SAT/MapServer/65
città_550k144	http://geo.umbriaterritorio.it/ArcGIS/rest/services/Secured/BASE_SAT/MapServer/66
strade_550k145	http://geo.umbriaterritorio.it/ArcGIS/rest/services/Secured/BASE_SAT/MapServer/67
european_highway_system146	http://geo.umbriaterritorio.it/ArcGIS/rest/services/Secured/BASE_SAT/MapServer/68
major_roads147	http://geo.umbriaterritorio.it/ArcGIS/rest/services/Secured/BASE_SAT/MapServer/69
rotte_550k148	http://geo.umbriaterritorio.it/ArcGIS/rest/services/Secured/BASE_SAT/MapServer/70
ferrovie_550k149	http://geo.umbriaterritorio.it/ArcGIS/rest/services/Secured/BASE_SAT/MapServer/71
laghi_550k150	http://geo.umbriaterritorio.it/ArcGIS/rest/services/Secured/BASE_SAT/MapServer/72
idrografia_550k151	http://geo.umbriaterritorio.it/ArcGIS/rest/services/Secured/BASE_SAT/MapServer/73
aree_urbane_550k152	http://geo.umbriaterritorio.it/ArcGIS/rest/services/Secured/BASE_SAT/MapServer/74
ferrovie_umbria_550k153	http://geo.umbriaterritorio.it/ArcGIS/rest/services/Secured/BASE_SAT/MapServer/75
strade_umbria_550k154	http://geo.umbriaterritorio.it/ArcGIS/rest/services/Secured/BASE_SAT/MapServer/76
province_umbria_550k155	http://geo.umbriaterritorio.it/ArcGIS/rest/services/Secured/BASE_SAT/MapServer/77
comuni_umbria_550k156	http://geo.umbriaterritorio.it/ArcGIS/rest/services/Secured/BASE_SAT/MapServer/78
regioni_550k157	http://geo.umbriaterritorio.it/ArcGIS/rest/services/Secured/BASE_SAT/MapServer/79
laghi_umbria_550k158	http://geo.umbriaterritorio.it/ArcGIS/rest/services/Secured/BASE_SAT/MapServer/80
idrografia_umbria_550k159	http://geo.umbriaterritorio.it/ArcGIS/rest/services/Secured/BASE_SAT/MapServer/81
europe_150m345	http://geo.umbriaterritorio.it/ArcGIS/rest/services/Secured/BASE_SAT/MapServer/82
scala_250k162	http://geo.umbriaterritorio.it/ArcGIS/rest/services/Secured/BASE_SAT/MapServer/83
stati_250k163	http://geo.umbriaterritorio.it/ArcGIS/rest/services/Secured/BASE_SAT/MapServer/84
città_250k164	http://geo.umbriaterritorio.it/ArcGIS/rest/services/Secured/BASE_SAT/MapServer/85
european_highway_system_250k165	http://geo.umbriaterritorio.it/ArcGIS/rest/services/Secured/BASE_SAT/MapServer/86
major_roads_250k166	http://geo.umbriaterritorio.it/ArcGIS/rest/services/Secured/BASE_SAT/MapServer/87
rotte_250k167	http://geo.umbriaterritorio.it/ArcGIS/rest/services/Secured/BASE_SAT/MapServer/88
ferrovie_250k168	http://geo.umbriaterritorio.it/ArcGIS/rest/services/Secured/BASE_SAT/MapServer/89
laghi_250k169	http://geo.umbriaterritorio.it/ArcGIS/rest/services/Secured/BASE_SAT/MapServer/90
idrografia_250k170	http://geo.umbriaterritorio.it/ArcGIS/rest/services/Secured/BASE_SAT/MapServer/91
aree_urbane_250k171	http://geo.umbriaterritorio.it/ArcGIS/rest/services/Secured/BASE_SAT/MapServer/92
capoluoghi_comuni_umbria_250k172	http://geo.umbriaterritorio.it/ArcGIS/rest/services/Secured/BASE_SAT/MapServer/93
ferrovie_umbria_250k173	http://geo.umbriaterritorio.it/ArcGIS/rest/services/Secured/BASE_SAT/MapServer/94
strade_umbria_250k174	http://geo.umbriaterritorio.it/ArcGIS/rest/services/Secured/BASE_SAT/MapServer/95
province_umbria_250k175	http://geo.umbriaterritorio.it/ArcGIS/rest/services/Secured/BASE_SAT/MapServer/96
comuni_umbria_250k176	http://geo.umbriaterritorio.it/ArcGIS/rest/services/Secured/BASE_SAT/MapServer/97
regioni_250k177	http://geo.umbriaterritorio.it/ArcGIS/rest/services/Secured/BASE_SAT/MapServer/98
laghi_umbria_250k178	http://geo.umbriaterritorio.it/ArcGIS/rest/services/Secured/BASE_SAT/MapServer/99
idrografia_umbria_250k179	http://geo.umbriaterritorio.it/ArcGIS/rest/services/Secured/BASE_SAT/MapServer/100
ortofoto_2005	http://geo.umbriaterritorio.it/ArcGIS/rest/services/Secured/BASE_SAT/MapServer/101
scala_150k182	http://geo.umbriaterritorio.it/ArcGIS/rest/services/Secured/BASE_SAT/MapServer/102
stati_150k183	http://geo.umbriaterritorio.it/ArcGIS/rest/services/Secured/BASE_SAT/MapServer/103
città_150k184	http://geo.umbriaterritorio.it/ArcGIS/rest/services/Secured/BASE_SAT/MapServer/104
european_highway_system_150k185	http://geo.umbriaterritorio.it/ArcGIS/rest/services/Secured/BASE_SAT/MapServer/105
major_roads_150k186	http://geo.umbriaterritorio.it/ArcGIS/rest/services/Secured/BASE_SAT/MapServer/106
rotte_150k187	http://geo.umbriaterritorio.it/ArcGIS/rest/services/Secured/BASE_SAT/MapServer/107
ferrovie_150k188	http://geo.umbriaterritorio.it/ArcGIS/rest/services/Secured/BASE_SAT/MapServer/108
laghi_150k189	http://geo.umbriaterritorio.it/ArcGIS/rest/services/Secured/BASE_SAT/MapServer/109
idrografia_150k190	http://geo.umbriaterritorio.it/ArcGIS/rest/services/Secured/BASE_SAT/MapServer/110
aree_urbane_150k191	http://geo.umbriaterritorio.it/ArcGIS/rest/services/Secured/BASE_SAT/MapServer/111
capoluoghi_comuni_umbria_150k192	http://geo.umbriaterritorio.it/ArcGIS/rest/services/Secured/BASE_SAT/MapServer/112
ferrovie_umbria_150k193	http://geo.umbriaterritorio.it/ArcGIS/rest/services/Secured/BASE_SAT/MapServer/113
strade_umbria_150k194	http://geo.umbriaterritorio.it/ArcGIS/rest/services/Secured/BASE_SAT/MapServer/114
province_umbria_150k195	http://geo.umbriaterritorio.it/ArcGIS/rest/services/Secured/BASE_SAT/MapServer/115
comuni_umbria_150k196	http://geo.umbriaterritorio.it/ArcGIS/rest/services/Secured/BASE_SAT/MapServer/116
regioni_150k197	http://geo.umbriaterritorio.it/ArcGIS/rest/services/Secured/BASE_SAT/MapServer/117
laghi_umbria_150k198	http://geo.umbriaterritorio.it/ArcGIS/rest/services/Secured/BASE_SAT/MapServer/118
idrografia_umbria_150k199	http://geo.umbriaterritorio.it/ArcGIS/rest/services/Secured/BASE_SAT/MapServer/119
ortofoto_2005387	http://geo.umbriaterritorio.it/ArcGIS/rest/services/Secured/BASE_SAT/MapServer/120
scala_50k202	http://geo.umbriaterritorio.it/ArcGIS/rest/services/Secured/BASE_SAT/MapServer/121
stati_50k203	http://geo.umbriaterritorio.it/ArcGIS/rest/services/Secured/BASE_SAT/MapServer/122
città_50k204	http://geo.umbriaterritorio.it/ArcGIS/rest/services/Secured/BASE_SAT/MapServer/123
european_highway_system_50k205	http://geo.umbriaterritorio.it/ArcGIS/rest/services/Secured/BASE_SAT/MapServer/124
major_roads_50k206	http://geo.umbriaterritorio.it/ArcGIS/rest/services/Secured/BASE_SAT/MapServer/125
rotte_50k207	http://geo.umbriaterritorio.it/ArcGIS/rest/services/Secured/BASE_SAT/MapServer/126
ferrovie_50k208	http://geo.umbriaterritorio.it/ArcGIS/rest/services/Secured/BASE_SAT/MapServer/127
laghi_50k209	http://geo.umbriaterritorio.it/ArcGIS/rest/services/Secured/BASE_SAT/MapServer/128
idrografia_50k210	http://geo.umbriaterritorio.it/ArcGIS/rest/services/Secured/BASE_SAT/MapServer/129
aree_urbane_50k211	http://geo.umbriaterritorio.it/ArcGIS/rest/services/Secured/BASE_SAT/MapServer/130
ferrovie_umbria_50k212	http://geo.umbriaterritorio.it/ArcGIS/rest/services/Secured/BASE_SAT/MapServer/131
strade_umbria_50k213	http://geo.umbriaterritorio.it/ArcGIS/rest/services/Secured/BASE_SAT/MapServer/132
province_umbria_50k214	http://geo.umbriaterritorio.it/ArcGIS/rest/services/Secured/BASE_SAT/MapServer/133
comuni_umbria_50k215	http://geo.umbriaterritorio.it/ArcGIS/rest/services/Secured/BASE_SAT/MapServer/134
regioni_50k216	http://geo.umbriaterritorio.it/ArcGIS/rest/services/Secured/BASE_SAT/MapServer/135
laghi_umbria_50k217	http://geo.umbriaterritorio.it/ArcGIS/rest/services/Secured/BASE_SAT/MapServer/136
idrografia_umbria_50k218	http://geo.umbriaterritorio.it/ArcGIS/rest/services/Secured/BASE_SAT/MapServer/137
centri_e_nuclei_umbria_50k219	http://geo.umbriaterritorio.it/ArcGIS/rest/services/Secured/BASE_SAT/MapServer/138
ortofoto_2005405	http://geo.umbriaterritorio.it/ArcGIS/rest/services/Secured/BASE_SAT/MapServer/139
scala_25k222	http://geo.umbriaterritorio.it/ArcGIS/rest/services/Secured/BASE_SAT/MapServer/140
città_25k223	http://geo.umbriaterritorio.it/ArcGIS/rest/services/Secured/BASE_SAT/MapServer/141
european_highway_system_25k224	http://geo.umbriaterritorio.it/ArcGIS/rest/services/Secured/BASE_SAT/MapServer/142
major_roads_25k225	http://geo.umbriaterritorio.it/ArcGIS/rest/services/Secured/BASE_SAT/MapServer/143
ferrovie_25k226	http://geo.umbriaterritorio.it/ArcGIS/rest/services/Secured/BASE_SAT/MapServer/144
laghi_25k227	http://geo.umbriaterritorio.it/ArcGIS/rest/services/Secured/BASE_SAT/MapServer/145
idrografia_25k228	http://geo.umbriaterritorio.it/ArcGIS/rest/services/Secured/BASE_SAT/MapServer/146
aree_urbane_25k229	http://geo.umbriaterritorio.it/ArcGIS/rest/services/Secured/BASE_SAT/MapServer/147
ferrovie_umbria_25k230	http://geo.umbriaterritorio.it/ArcGIS/rest/services/Secured/BASE_SAT/MapServer/148
strade_umbria_25k231	http://geo.umbriaterritorio.it/ArcGIS/rest/services/Secured/BASE_SAT/MapServer/149
strade_ecografico270	http://geo.umbriaterritorio.it/ArcGIS/rest/services/Secured/BASE_SAT/MapServer/150
province_umbria_25k233	http://geo.umbriaterritorio.it/ArcGIS/rest/services/Secured/BASE_SAT/MapServer/151
comuni_umbria_25k234	http://geo.umbriaterritorio.it/ArcGIS/rest/services/Secured/BASE_SAT/MapServer/152
regioni_25k235	http://geo.umbriaterritorio.it/ArcGIS/rest/services/Secured/BASE_SAT/MapServer/153
laghi_umbria_25k236	http://geo.umbriaterritorio.it/ArcGIS/rest/services/Secured/BASE_SAT/MapServer/154
idrografia_umbria_25k237	http://geo.umbriaterritorio.it/ArcGIS/rest/services/Secured/BASE_SAT/MapServer/155
ortofoto_2005423	http://geo.umbriaterritorio.it/ArcGIS/rest/services/Secured/BASE_SAT/MapServer/156
scala_10k242	http://geo.umbriaterritorio.it/ArcGIS/rest/services/Secured/BASE_SAT/MapServer/157
città_10k243	http://geo.umbriaterritorio.it/ArcGIS/rest/services/Secured/BASE_SAT/MapServer/158
european_highway_system_10k244	http://geo.umbriaterritorio.it/ArcGIS/rest/services/Secured/BASE_SAT/MapServer/159
major_roads_10k245	http://geo.umbriaterritorio.it/ArcGIS/rest/services/Secured/BASE_SAT/MapServer/160
ferrovie_10k246	http://geo.umbriaterritorio.it/ArcGIS/rest/services/Secured/BASE_SAT/MapServer/161
laghi_10k247	http://geo.umbriaterritorio.it/ArcGIS/rest/services/Secured/BASE_SAT/MapServer/162
idrografia_10k248	http://geo.umbriaterritorio.it/ArcGIS/rest/services/Secured/BASE_SAT/MapServer/163
aree_urbane_10k249	http://geo.umbriaterritorio.it/ArcGIS/rest/services/Secured/BASE_SAT/MapServer/164
ferrovie_umbria_10k250	http://geo.umbriaterritorio.it/ArcGIS/rest/services/Secured/BASE_SAT/MapServer/165
strade_umbria_10k251	http://geo.umbriaterritorio.it/ArcGIS/rest/services/Secured/BASE_SAT/MapServer/166
strade_ecografico433	http://geo.umbriaterritorio.it/ArcGIS/rest/services/Secured/BASE_SAT/MapServer/167
province_umbria_10k253	http://geo.umbriaterritorio.it/ArcGIS/rest/services/Secured/BASE_SAT/MapServer/168
comuni_umbria_10k254	http://geo.umbriaterritorio.it/ArcGIS/rest/services/Secured/BASE_SAT/MapServer/169
regioni_10k255	http://geo.umbriaterritorio.it/ArcGIS/rest/services/Secured/BASE_SAT/MapServer/170
laghi_umbria_10k256	http://geo.umbriaterritorio.it/ArcGIS/rest/services/Secured/BASE_SAT/MapServer/171
idrografia_umbria_10k257	http://geo.umbriaterritorio.it/ArcGIS/rest/services/Secured/BASE_SAT/MapServer/172
ortofoto_2005439	http://geo.umbriaterritorio.it/ArcGIS/rest/services/Secured/BASE_SAT/MapServer/173
scala_5k262	http://geo.umbriaterritorio.it/ArcGIS/rest/services/Secured/BASE_SAT/MapServer/174
città_5k263	http://geo.umbriaterritorio.it/ArcGIS/rest/services/Secured/BASE_SAT/MapServer/175
european_highway_system_5k264	http://geo.umbriaterritorio.it/ArcGIS/rest/services/Secured/BASE_SAT/MapServer/176
major_roads_5k265	http://geo.umbriaterritorio.it/ArcGIS/rest/services/Secured/BASE_SAT/MapServer/177
ferrovie_5k279	http://geo.umbriaterritorio.it/ArcGIS/rest/services/Secured/BASE_SAT/MapServer/178
laghi_5k267	http://geo.umbriaterritorio.it/ArcGIS/rest/services/Secured/BASE_SAT/MapServer/179
idrografia_5k268	http://geo.umbriaterritorio.it/ArcGIS/rest/services/Secured/BASE_SAT/MapServer/180
aree_urbane_5k269	http://geo.umbriaterritorio.it/ArcGIS/rest/services/Secured/BASE_SAT/MapServer/181
ferrovie_umbria_5k270	http://geo.umbriaterritorio.it/ArcGIS/rest/services/Secured/BASE_SAT/MapServer/182
strade_umbria_5k271	http://geo.umbriaterritorio.it/ArcGIS/rest/services/Secured/BASE_SAT/MapServer/183
strade_ecografico449	http://geo.umbriaterritorio.it/ArcGIS/rest/services/Secured/BASE_SAT/MapServer/184
province_umbria_5k273	http://geo.umbriaterritorio.it/ArcGIS/rest/services/Secured/BASE_SAT/MapServer/185
comuni_umbria_5k274	http://geo.umbriaterritorio.it/ArcGIS/rest/services/Secured/BASE_SAT/MapServer/186
regioni_5k275	http://geo.umbriaterritorio.it/ArcGIS/rest/services/Secured/BASE_SAT/MapServer/187
laghi_umbria_5k276	http://geo.umbriaterritorio.it/ArcGIS/rest/services/Secured/BASE_SAT/MapServer/188
idrografia_umbria_5k277	http://geo.umbriaterritorio.it/ArcGIS/rest/services/Secured/BASE_SAT/MapServer/189
ortofoto_2005455	http://geo.umbriaterritorio.it/ArcGIS/rest/services/Secured/BASE_SAT/MapServer/190
base_da_dem_umbria282	http://geo.umbriaterritorio.it/ArcGIS/rest/services/Secured/BASE_SAT/MapServer/191
mare283	http://geo.umbriaterritorio.it/ArcGIS/rest/services/Secured/BASE_SAT/MapServer/192
ortofoto_2005471	http://geo.umbriaterritorio.it/ArcGIS/rest/services/Secured/BASE_SAT/MapServer/193
hillshade_da_srtm284	http://geo.umbriaterritorio.it/ArcGIS/rest/services/Secured/BASE_SAT/MapServer/194
background285	http://geo.umbriaterritorio.it/ArcGIS/rest/services/Secured/BASE_SAT/MapServer/195
ingombro_per_clip	http://geo.umbriaterritorio.it/ArcGIS/rest/services/Secured/BASE_SAT/MapServer/196
base_vuota_wgs84	http://geo.umbriaterritorio.it/ArcGIS/rest/services/Secured/BASE_VUOTA_WGS84/MapServer/0
ortofoto_2011_wgs8476	http://geo.umbriaterritorio.it/ArcGIS/rest/services/Secured/ORTOFOTO_SEQUENZA_STORICA_WGS84/MapServer/0
ortofoto_2008_wgs8474	http://geo.umbriaterritorio.it/ArcGIS/rest/services/Secured/ORTOFOTO_SEQUENZA_STORICA_WGS84/MapServer/1
ortofoto_2005_wgs8472	http://geo.umbriaterritorio.it/ArcGIS/rest/services/Secured/ORTOFOTO_SEQUENZA_STORICA_WGS84/MapServer/2
ortofoto_2000_wgs8470	http://geo.umbriaterritorio.it/ArcGIS/rest/services/Secured/ORTOFOTO_SEQUENZA_STORICA_WGS84/MapServer/3
ortofoto_1997_wgs8468	http://geo.umbriaterritorio.it/ArcGIS/rest/services/Secured/ORTOFOTO_SEQUENZA_STORICA_WGS84/MapServer/4
toponimi_igm_wgs84	http://geo.umbriaterritorio.it/ArcGIS/rest/services/Secured/TOPONIMI_IGM_WGS84/MapServer/0
